"id";"city";"name";"longitude";"latitude";"download_speed";"speed_test_link";"price_indication";"bathroom";"commit_user_name";"commit_message";"commit_date";"commit_user_id"
1;"åŒ—äº¬";"å¥‡é‡èŠ±å›­";116.342;39.941;"22 Mbps";"http://www.speedtest.net/my-result/4629928302";"30-40 å…ƒ";False;"xhacker";"æœ‰ç”µæºï¼Œç½‘é€Ÿå¿«ï¼Œç¯å¢ƒä¸é”™ï¼Œå’–å•¡ä¹Ÿä¸é”™ã€‚";"2017-03-20";1
2;"åŒ—äº¬";"May CafÃ©";116.328977;40.03278;"41 Mbps";"http://www.speedtest.net/my-result/4850194225";"25-40 å…ƒ";False;"mckelvin";"æœ‰ç”µæºï¼Œç½‘é€Ÿå¿«ï¼Œç¯å¢ƒä¸é”™ï¼Œäººä¸å¤šã€‚";"2017-03-20";1
3;"åŒ—äº¬";"Esquires CafÃ©";116.418826;39.915424;"3.18 Mbps";"http://www.speedtest.net/my-result/4891431411";"30 å…ƒ";False;"crispgm";"æœ‰ç”µæºï¼Œç½‘é€Ÿå¿«ï¼Œå¯çœ‹ç‹åºœäº•è¡—æ™¯ã€‚";"2017-03-20";1
4;"åŒ—äº¬";"Starbucks æ˜Ÿå·´å…‹ (å››å…ƒæ¡¥åº—)";116.4509423;39.978085;"13 Mbps";"http://www.speedtest.net/my-result/5106521098";"30 å…ƒ";False;"tianyuf";"æœ‰ç”µæºï¼Œç½‘é€Ÿå¿«ï¼ŒæœåŠ¡å¥½ã€‚";"2017-03-20";1
5;"åŒ—äº¬";"é›•åˆ»æ—¶å…‰ Sculpting In Time";116.472347;39.997405;"3.03 Mbps";"http://www.speedtest.net/my-result/5115403108";"40 å…ƒ";False;"tianyuf";"ç¯å¢ƒå¥½ï¼ŒæœåŠ¡å¥½ã€‚";"2017-03-20";1
6;"åŒ—äº¬";"Meet CafÃ©";116.454031;39.897631;"28.91 Mbps";"http://www.speedtest.net/my-result/i/1674659148";"30 å…ƒ";False;"crispgm";"ç¯å¢ƒå¥½ï¼Œæ‰‹æœºæµ‹ç½‘é€Ÿå¿«ï¼ŒBrunch å¥½åƒã€‚";"2017-03-20";1
7;"åŒ—äº¬";"Gloria Jean's Coffeesï¼ˆé€šç›ˆä¸‰é‡Œå±¯åº—ï¼‰";116.44902;39.930947;"22.49 Mbps";"http://www.speedtest.net/my-result/i/1711955836";"34 å…ƒ";False;"crispgm";"ç”µæºå……è¶³ï¼Œäººä¸å¤šï¼Œæ‰‹æœºæµ‹ç½‘é€Ÿå¿«ã€‚";"2017-03-20";1
8;"åŒ—äº¬";"æ¼«å’–å•¡ MAAN COFFEE";116.351184;39.962148;"3.51 Mbps";"http://www.speedtest.net/my-result/5539012756";"30 å…ƒ";False;"beta";"ç”µæºå……è¶³ï¼Œç¯å¢ƒä¸é”™ï¼Œäººä¸å¤šã€‚";"2017-03-20";1
9;"åŒ—äº¬";"æå®¢å’–å•¡";116.30051;39.981467;"9.40 Mbps";"http://www.speedtest.net/my-result/5598700538";"";False;"xhacker";"æ‹¿é“ä¸€èˆ¬ï¼Œç¯å¢ƒä¸€èˆ¬ï¼Œäººå°‘ï¼Œç½‘é€Ÿå¿«ï¼Œæœ‰ç”µæºã€‚";"2017-03-20";1
10;"åŒ—äº¬";"ä¹ˆä¹ˆå’–å•¡ï¼ˆç´«ç«¹åº—ï¼‰";116.299232;39.942686;"2.13 Mbps";"http://www.speedtest.net/my-result/5599038063";"";False;"xhacker";"å’–å•¡ä¸é”™ï¼Œç¯å¢ƒä¸é”™ï¼Œç½‘é€Ÿä¸€èˆ¬ï¼Œæœ‰ç”µæºã€‚";"2017-03-20";1
11;"åŒ—äº¬";"Starbucks æ˜Ÿå·´å…‹ï¼ˆä¸°è”åº—ï¼‰";116.433;39.9222;"3.47 Mbps";"http://www.speedtest.net/my-result/i/1764988610";"";False;"crispgm";"åœºåœ°å¤§ï¼Œå…‰çº¿å¥½ï¼Œç½‘é€Ÿä¸€èˆ¬ï¼Œæœ‰å°‘é‡ç”µæºã€‚";"2017-03-20";1
12;"åŒ—äº¬";"Costa Coffeeï¼ˆä¸°è”å¹¿åœºåº—ï¼‰";116.4328;39.9221;"4.34 Mbps";"http://www.speedtest.net/my-result/i/1766332176";"";False;"crispgm";"ç¯å¢ƒå¥½ï¼Œç½‘é€Ÿä¸€èˆ¬ï¼Œæœ‰ç”µæºã€‚";"2017-03-20";1
13;"åŒ—äº¬";"æ˜Ÿå·´å…‹ï¼ˆè´µå‹åº—ï¼‰";116.44545;39.9076;"5.01 Mbps";"http://www.speedtest.net/my-result/5608827828";"";False;"xhacker";"æœ‰å°‘é‡ç”µæºã€‚Wi-Fi ä¼¼ä¹é™é€Ÿ 5 Mã€‚";"2017-03-20";1
14;"åŒ—äº¬";"Costa Coffeeï¼ˆé¢å ¤æ¸¯åº—ï¼‰";116.485261;39.967948;"1.41 Mbps";"http://www.speedtest.net/my-result/i/1768641381";"";False;"xhacker";"ç½‘é€Ÿå¾ˆæ…¢ï¼Œåœ°æ–¹æŒºå¤§çš„ï¼Œæœ‰å°‘é‡ç”µæºã€‚";"2017-03-20";1
15;"åŒ—äº¬";"J Coffeeï¼ˆSOHO å°šéƒ½åº—ï¼‰";116.448;39.9178;"30.68 Mbps";"http://www.speedtest.net/my-result/i/1769675242";"";False;"imty42";"æ—¥å¼é£æ ¼çŸ®æ¡Œæ¤…ï¼ŒæŒºå®‰é™çš„ã€‚å¤§å”è€æ¿æ‹‰èŠ±ä¸é”™ã€‚æœ‰ç”µæºã€‚";"2017-03-20";1
16;"åŒ—äº¬";"Carlly Cafe è½¦é‡Œå’–å•¡";116.252428;39.906934;"20.88 Mbps";"http://www.speedtest.net/my-result/i/1772238471";"";False;"xhacker";"å¾ˆå®‰é™ã€å¾ˆèˆ’æœï¼Œå’–å•¡å¥½å–ã€‚ç½‘é€Ÿä¸é”™ï¼Œæœ‰å°‘é‡ç”µæºã€‚æ™šä¸Šè¿˜æœ‰äººå¼¹ç´ã€‚ğŸ¸";"2017-03-20";1
17;"åŒ—äº¬";"Coffee Holicï¼ˆæœå¤– SOHO åº—ï¼‰";116.449;39.9187;"4.40 Mbps";"http://www.speedtest.net/my-result/i/1770959453";"";False;"imty42";"ç½‘é€Ÿä¸å¿«ï¼Œå’–å•¡æœ‰ç‰¹ç‚¹ï¼Œå¥½å–ã€‚è€æ¿å¹´è½»äººï¼Œä¹äºåˆ†äº«å’–å•¡çŸ¥è¯†ã€‚æœ‰ç”µæºã€‚";"2017-03-20";1
18;"åŒ—äº¬";"å’–å•¡é™ªä½ ï¼ˆç‹åºœäº•åº—ï¼‰";116.404674;39.914507;"4.63 Mbps";"http://www.speedtest.net/my-result/i/1773643866";"";False;"xhacker";"æœ‰ä¸€ç‚¹å–§é—¹ï¼Œé çª—çš„ä½å­èƒ½çœ‹åˆ°ç‹åºœäº•è¡—æ™¯ã€‚æ‹¿é“ä¸é”™ã€‚ç½‘é€Ÿå‡‘åˆï¼Œæ²¡çœ‹åˆ°ç”µæºã€‚";"2017-03-20";1
19;"åŒ—äº¬";"æ˜Ÿå·´å…‹ï¼ˆåŒ—äº¬æ–°ä¸œå®‰åº—ï¼‰";116.405704;39.913773;"4.99 Mbps";"http://www.speedtest.net/my-result/i/1773871904";"";False;"xhacker";"æœ‰ä¸€ç‚¹å–§é—¹ï¼Œåœ¨ APM åœ°ä¸‹ä¸€å±‚ã€‚ç½‘é€Ÿå‡‘åˆï¼Œæœ‰å°‘é‡ç”µæºã€‚";"2017-03-20";1
20;"åŒ—äº¬";"æ˜Ÿå·´å…‹ï¼ˆé¾™æ——å¹¿åœºåº—ï¼‰";116.341;40.0649;"12.25 Mbps";"http://www.speedtest.net/my-result/i/1774642514";"";False;"imty42";"æœ‰ä¸€ç‚¹å–§é—¹ï¼Œå¯èƒ½æ˜¯å› ä¸ºæ¥è¿‘ä¸­åˆçš„ç¼˜æ•…ã€‚å¤§æ¡Œå’Œæ²™å‘æ¡Œæœ‰ç”µæºã€‚";"2017-03-20";1
21;"åŒ—äº¬";"æ˜Ÿå·´å…‹ï¼ˆåŒ—äº¬è¥¿å››ç¯å—è·¯å’–å•¡åº—ï¼‰";116.279823;39.836602;"8.54 Mbps";"http://www.speedtest.net/my-result/i/1774834286";"";False;"xhacker";"äººä¸å¤ªå¤šï¼Œé è¾¹çš„ä½ç½®æœ‰ç”µæºã€‚";"2017-03-20";1
22;"åŒ—äº¬";"æ¼«å’–å•¡ï¼ˆæ‚ å”åº—ï¼‰";116.433;39.9201;"1.55 Mbps";"http://www.speedtest.net/my-result/i/1774857512";"";False;"crispgm";"äººæ¯”è¾ƒå¤šï¼Œä½†ç¯å¢ƒå¥½ï¼Œç”µæºå……è¶³ã€‚";"2017-03-20";1
23;"åŒ—äº¬";"æ˜Ÿå·´å…‹ï¼ˆå˜‰é‡Œåº— BJ Kerry Centerï¼‰";116.454;39.9121;"5.95 Mbps";"http://www.speedtest.net/my-result/i/1777083259";"";False;"imty42";"æœ‰ä¸¤å±‚ï¼ŒäºŒå±‚å¯ä»¥ç‚¹æ‰‹å†²ï¼Œäººå¤šç½‘æ…¢å°åœ†æ¡Œæœ‰æ²¿ä¸é€‚åˆæ”¾ç”µè„‘ï¼Œæœ¨è´¨å¤§åœ†æ¡Œè¿˜ä¸é”™ï¼Œä¸€æ¥¼æœ‰ç”µæºã€‚";"2017-03-20";1
24;"åŒ—äº¬";"æ˜Ÿå·´å…‹ï¼ˆä¸°åŒ—è·¯åº—ï¼‰";116.287783;39.865187;"19.87 Mbps";"http://www.speedtest.net/my-result/i/1778287600";"";False;"xhacker";"åœ°æ–¹ä¸å¤§ï¼Œäººä¹Ÿä¸å¤ªå¤šã€‚æœ‰å°‘é‡ç”µæºã€‚";"2017-03-20";1
25;"åŒ—äº¬";"è¿ªæ¬§å’–å•¡ï¼ˆçŸ³æ™¯å±±åº—ï¼‰";116.243032;39.896685;"27.44 Mbps";"http://www.speedtest.net/my-result/i/1778571350";"";False;"csvenja";"åœ°æ–¹æŒºå¤§ï¼Œäººä¸å¤šï¼Œæœ‰ç”µæºã€‚";"2017-03-20";1
26;"åŒ—äº¬";"Gloria Jean's Coffeesï¼ˆNagaä¸Šé™¢åº—ï¼‰";116.422;39.9399;"9.06 Mbps";"http://www.speedtest.net/my-result/i/1779843014";"34 å…ƒ";False;"crispgm";"åœºåœ°å¤§ï¼Œäººä¸å¤šï¼Œå…‰çº¿å¥½ï¼Œç½‘é€Ÿè¾ƒå¿«ã€‚";"2017-03-20";1
27;"åŒ—äº¬";"æ˜Ÿå·´å…‹ï¼ˆåŒ—äº¬å—ç«™ç¬¬ä¸€å’–å•¡åº—ï¼‰";116.371979;39.862958;"3.74 Mbps";"http://www.speedtest.net/my-result/i/1779876236";"";False;"xhacker";"åœ¨å—ç«™é‡Œï¼ŒäºŒå±‚äººä¸å¤šã€‚æœ‰å°‘é‡ç”µæºã€‚";"2017-03-20";1
28;"åŒ—äº¬";"æ˜Ÿå·´å…‹ï¼ˆä¸‰é‡Œå±¯åº—ï¼‰";116.448;39.9332;"2.23 Mbps";"http://www.speedtest.net/my-result/i/1781079455";"";False;"xhacker";"æœ‰ä¸¤å±‚ï¼Œæœ‰å°‘é‡ç”µæºã€‚";"2017-03-20";1
29;"åŒ—äº¬";"é¦™å’–å•¡";116.456;39.9323;"8.86 Mbps";"http://www.speedtest.net/my-result/i/1781257065";"";False;"xhacker";"ç¯å¢ƒå¾ˆå¥½ï¼Œå¾ˆå¹½é™ï¼Œå’–å•¡ä¸é”™ã€‚ç½‘é€Ÿå®é™…æ„Ÿè§‰è¾ƒæ…¢ï¼Œæœ‰ç”µæºã€‚";"2017-03-20";1
30;"åŒ—äº¬";"Costa Coffeeï¼ˆäº¬æ±‡åº—ï¼‰";116.456899;39.905416;"5.62 Mbps";"http://www.speedtest.net/my-result/i/1782497468";"";False;"xhacker";"Wi-Fi ä¿¡è™Ÿå¥‡å·®ï¼ŒåŸºæœ¬é€£ä¸ä¸Šã€‚";"2017-03-20";1
31;"åŒ—äº¬";"æ˜Ÿå·´å…‹ï¼ˆåŒ—äº¬å¤§æˆè·¯åº—ï¼‰";116.259;39.8879;"8.86 Mbps";"http://www.speedtest.net/my-result/i/1790507938";"";False;"xhacker";"åœ°ä¸‹åœ°æ–¹æ¯”è¾ƒå¤§ï¼Œé å¢™æœ‰ä¸€äº›ç”µæºã€‚";"2017-03-20";1
32;"åŒ—äº¬";"æ˜Ÿå·´å…‹ï¼ˆåŒ—äº¬ç¾ŠåŠè·¯å’–å•¡åº—ï¼‰";116.315;39.8979;"0.85 Mbps";"http://www.speedtest.net/my-result/i/1795487239";"";False;"xhacker";"ç½‘é€Ÿæ„Ÿäººï¼ˆè´¬ä¹‰çš„ï¼‰ã€‚";"2017-03-20";1
33;"åŒ—äº¬";"Costa Coffeeï¼ˆé‡‘éš…ä¸‡ç§‘åº—ï¼‰";116.2402214945;40.2124291871;"11.12 Mbps";"http://www.speedtest.net/my-result/5682421414";"";False;"cscmaker";"å…å†…å³ä¾§å°½å¤´æœ‰ä¸€ä¸ªé»‘è‰²çš®æ²™å‘ï¼Œéå¸¸èˆ’æœï¼Œåº—å†…æ’åº§è¾ƒå°‘ã€‚";"2017-03-20";1
34;"åŒ—äº¬";"Coffee Craft (CCå’–å•¡é¦†)";116.343;39.9432;"7.10 Mbps";"http://www.speedtest.net/my-result/i/1828821698";"å¡å¸ƒå¥‡è¯ºï¼š30 å…ƒï¼Œæ‰‹å†²å’–å•¡ï¼š40 å…ƒ";False;"crispgm";"ç©ºé—´å¾ˆå¤§ï¼Œä½†ä½ç½®ä¸å¤šï¼Œé£æ ¼ç°ä»£è‰ºæœ¯æ„Ÿã€‚æ‰‹å†²å’–å•¡å‘³é“ä¸é”™ï¼Œæ’åº§ä¸å¤šä½†æœ‰æ’çº¿æ¿ã€‚";"2017-03-20";1
35;"åŒ—äº¬";"Costa Coffeeï¼ˆIFC å¤§å¦åº—ï¼‰";116.447;39.9064;"0.46 Mbps";"http://www.speedtest.net/my-result/i/1831357023";"";False;"xhacker";"ç¯å¢ƒä¸é”™ï¼Œç½‘é€Ÿæ…¢ã€‚";"2017-03-20";1
36;"åŒ—äº¬";"Costa Coffeeï¼ˆä¸­ç¯ä¸–è´¸åº—ï¼‰";116.451;39.9056;"3.90 Mbps";"http://www.speedtest.net/my-result/i/1861251511";"";False;"xhacker";"ä¸­ç¯ä¸–è´¸ä¸­å¿ƒDåº§1å±‚ã€‚åœ°æ–¹ä¸å¤§ï¼Œæœ‰å°‘é‡ç”µæºã€‚ç½‘é€Ÿç”± ZHSM-D æµ‹å‡ºï¼ŒCosta è‡ªå·±çš„ Wi-Fi éå¸¸æ…¢ã€‚";"2017-03-20";1
37;"åŒ—äº¬";"æ˜Ÿå·´å…‹ï¼ˆé¢å ¤æ¸¯ä¸­å¿ƒå’–å•¡åº—ï¼‰";116.486;39.9694;"5.06 Mbps";"http://www.speedtest.net/my-result/i/1876256024";"";False;"xhacker";"æœ‰å°‘é‡ç”µæºã€‚";"2017-03-20";1
38;"åŒ—äº¬";"Costa Coffeeï¼ˆè‹±ç‰¹å®œå®¶åº—ï¼‰";116.322;39.7886;"13.32 Mbps";"http://www.speedtest.net/my-result/i/1877225008";"";False;"xhacker";"åœ¨èŸèƒä¸€å±‚ï¼Œåº—æŒºå¤§çš„ï¼Œäººä¸å¤ªå¤šï¼Œè¾¹ä¸Šæœ‰å°‘é‡ç”µæºã€‚";"2017-03-20";1
39;"åŒ—äº¬";"Costa Coffeeï¼ˆé¦–åœ°å¤§å³¡è°·åº—ï¼‰";116.361;39.8534;"2.56 Mbps";"http://www.speedtest.net/my-result/i/1878448433";"";False;"xhacker";"é¦–åœ°å¤§å³¡è°·ä¸€å±‚ F1-05ï¼Œåº—æŒºå¤§çš„ï¼Œäººä¸å¤ªå¤šï¼Œè¾¹ä¸Šæœ‰å°‘é‡ç”µæºã€‚";"2017-03-20";1
40;"åŒ—äº¬";"æ˜Ÿå·´å…‹ï¼ˆè‹±è“å›½é™…åº—ï¼‰";116.352;39.9191;"0.77 Mbps";"http://www.speedtest.net/my-result/i/1879679355";"";False;"xhacker";"åœ°æ–¹å¤§ï¼Œç¯å¢ƒä¸é”™ï¼Œæœ‰å°‘é‡ç”µæºï¼Œå¯æƒœç½‘é€Ÿæ¸£ã€‚";"2017-03-20";1
41;"åŒ—äº¬";"é›•åˆ»æ—¶å…‰ï¼ˆè…¾è®¯åº—ï¼‰";116.330911;39.975566;"50.67 Mbps";"http://beta.speedtest.net/result/5847282428";"";False;"xohozu";"ç¯å¢ƒä¸é”™ï¼Œç½‘é€ŸæŒºå¥½ï¼Œç”µæºé‡è¿˜å¥½ã€‚å› åœ¨è…¾è®¯å¤§æ¥¼é‡Œï¼Œå‡ºå…¥ä¸æ˜¯æ–¹ä¾¿ã€‚";"2017-03-20";1
42;"åŒ—äº¬";"æ˜Ÿå·´å…‹ï¼ˆé“¶åº§ç™¾è´§åº—ï¼‰";116.43;39.9386;"2.33 Mbps";"http://www.speedtest.net/my-result/i/1879845515";"";False;"Cee";"ç¯å¢ƒä¸é”™ï¼Œåº§ä½å¤šï¼Œéå¸¸æ¸©æš–ã€‚";"2017-03-20";1
43;"åŒ—äº¬";"æ˜Ÿå·´å…‹ï¼ˆæ¬£å®å¤§è¡—åº—ï¼‰";116.322;39.7867;"8.38 Mbps";"http://www.speedtest.net/my-result/i/1884566518";"";False;"xhacker";"åœ°æ–¹å¾ˆå¼€é˜”ï¼Œæœ‰ä¸€äº›ç”µæºã€‚";"2017-03-20";1
44;"åŒ—äº¬";"æ˜Ÿå·´å…‹ï¼ˆä¸°è‘†è·¯åº—ï¼‰";116.286;39.8166;"12.11 Mbps";"http://www.speedtest.net/my-result/i/1892160727";"";False;"xhacker";"åœ°æ–¹å¾ˆå¼€é˜”ï¼Œæœ‰ä¸€äº›ç”µæºã€‚";"2017-03-20";1
45;"åŒ—äº¬";"Costa Coffeeï¼ˆä¸‰é‡Œå±¯å¤ªå¤é‡Œåº—ï¼‰";116.448;39.9341;"5.42 Mbps";"http://www.speedtest.net/my-result/i/1908970377";"";False;"xhacker";"ä¸‰é‡Œå±¯ Village åœ°ä¸‹ä¸€å±‚ã€‚";"2017-03-20";1
46;"åŒ—äº¬";"æ˜Ÿå·´å…‹ï¼ˆé²è°·è¿œæ´‹åº—ï¼‰";116.246;39.9024;"1.96 Mbps";"http://www.speedtest.net/my-result/i/1914242475";"";False;"xhacker";"åœ°æ–¹æŒºå¤§ï¼Œæœ‰ä¸€äº›ç”µæºã€‚";"2017-03-20";1
47;"åŒ—äº¬";"Costa Coffeeï¼ˆæ¬§ç¾æ±‡åº—ï¼‰";116.308;39.9783;"0.71 Mbps";"http://www.speedtest.net/my-result/i/1924488152";"";False;"xhacker";"äººä¸å¤ªå¤šï¼Œç½‘é€Ÿå¥‡æ…¢";"2017-03-20";1
48;"åŒ—äº¬";"å’–å•¡é™ªä½ ï¼ˆå¤©æ¡¥åº—ï¼‰";116.392;39.8843;"9.24 Mbps";"http://www.speedtest.net/my-result/i/1916773595";"";False;"xhacker";"åœ¨å¯’å†·çš„æ™šä¸Šèµ°è¿›çš„å’–å•¡åº—ï¼Œåƒçš„è¿˜ä¸é”™ã€‚";"2017-03-20";1
49;"åŒ—äº¬";"MANGOSIX Coffee & Dessert";116.447;39.9331;"21.73 Mbps";"http://www.speedtest.net/my-result/i/1924659288";"";False;"crispgm";"æ¯”è¾ƒå®‰é™äººå°‘ï¼Œå¯èƒ½å¤©æ°”ä¸å¤ªå¥½çš„ç¼˜æ•…ã€‚ç½‘é€Ÿå¾ˆä¸é”™ï¼Œæœ‰ä¸€äº›æ’çº¿æ¿ã€‚";"2017-03-20";1
50;"åŒ—äº¬";"ç¦æ¥¼å’–å•¡ Cafe Flo";116.443;39.9181;"0.75 Mbps";"http://www.speedtest.net/my-result/i/1927287755";"";False;"xhacker";"ä¾¨ç¦èŠ³è‰åœ°åœ°ä¸‹äºŒå±‚ã€‚ç¯å¢ƒä¸é”™ã€‚æ‹¿é“å¥½å–ã€‚";"2017-03-20";1
51;"åŒ—äº¬";"æ˜Ÿå·´å…‹ï¼ˆåŒ—äº¬ LG å¤§å¦åº—ï¼‰";116.443;39.9063;"9.60 Mbps";"http://www.speedtest.net/my-result/i/1928516069";"";False;"xhacker";"ä¸­åˆäººæœ‰ç‚¹å¤šï¼Œæœ‰å°‘é‡ç”µæºã€‚";"2017-03-20";1
52;"åŒ—äº¬";"æ˜Ÿå·´å…‹ï¼ˆåŒ—äº¬ SK å¤§å¦åº—ï¼‰";116.451;39.9063;"1.29 Mbps";"http://www.speedtest.net/my-result/i/1929928850";"";False;"xhacker";"åœ¨ SK å¤§å¦äºŒå±‚ï¼Œå¼€æ”¾å¼å¸ƒå±€ï¼Œç¯å¢ƒæŒºå¥½çš„ã€‚";"2017-03-20";1
53;"åŒ—äº¬";"æ˜Ÿå·´å…‹ï¼ˆåŒ—äº¬è¥¿å°å£è·¯åº—ï¼‰";116.351;40.0454;"8.08 Mbps";"http://www.speedtest.net/my-result/i/1934227111";"";False;"xhacker";"åœ¨ä¸œå‡ç§‘æŠ€å›­å†…ã€‚ç©ºé—´å¾ˆå¤§ï¼Œäººå¾ˆå°‘ã€‚æœ‰å°‘é‡ç”µæºã€‚";"2017-03-20";1
54;"åŒ—äº¬";"æ˜Ÿå·´å…‹ï¼ˆåŒ—äº¬è¥¿å•æ±‰å…‰ç™¾è´§å•†åœºåº—ï¼‰";116.37;39.9076;"7.08 Mbps";"http://www.speedtest.net/my-result/i/1934686138";"";False;"xhacker";"äººä¸å¤ªå¤šï¼Œæœ‰ç”µæºã€‚";"2017-03-20";1
55;"åŒ—äº¬";"æ˜Ÿå·´å…‹ï¼ˆåŒ—äº¬äº”æ£µæ¾ç¬¬äºŒå’–å•¡åº—ï¼‰";116.272;39.9118;"8.74 Mbps";"http://www.speedtest.net/my-result/i/1935870482";"";False;"xhacker";"åœ¨å“å±•äº”å±‚ï¼Œè€€è±æˆé¾™å¤–é¢ã€‚äººæŒºå¤šçš„ï¼Œæœ‰ç‚¹ä¹±ã€‚æ²™å‘åº§æœ‰ç”µæºã€‚";"2017-03-20";1
56;"åŒ—äº¬";"Costa Coffeeï¼ˆä¸­æµ·å¹¿åœºåº—ï¼‰";116.45;39.9092;"7.19 Mbps";"http://www.speedtest.net/my-result/i/1937074734";"";False;"xhacker";"ç¯å¢ƒå¥½ï¼Œæœ‰å°‘é‡ç”µæºã€‚åœ¨ä¸­æµ·å¹¿åœºå†™å­—æ¥¼ä¸€å±‚ã€‚";"2017-03-20";1
57;"åŒ—äº¬";"å¤ªå¹³æ´‹å’–å•¡ï¼ˆå›½è´¸åº—ï¼‰";116.452;39.9108;"2.28 Mbps";"http://www.speedtest.net/my-result/i/1948933221";"";False;"xhacker";"åœ°æ–¹å¾ˆæœ‰æ„æ€ï¼Œæœ‰å„ç§åº§ä½å’Œæ¡Œå­ã€‚æœ‰ä¸€äº›ç”µæºï¼Œäººä¸å¤ªå¤šã€‚åœ¨å›½è´¸å•†åŸåœ°ä¸‹ä¸€å±‚ï¼Œä» Zone 1 & 2 åˆ° Zone 3 çš„è·¯ä¸Šã€‚";"2017-03-20";1
58;"åŒ—äº¬";"æ˜Ÿå·´å…‹ï¼ˆåŒ—äº¬ä¸‡ä¸°è·¯å’–å•¡åº—ï¼‰";116.292;39.8814;"14.65 Mbps";"http://www.speedtest.net/my-result/i/1953036805";"";False;"xhacker";"åœ¨é“¶åº§å’Œè°å¹¿åœºä¸€å±‚ä¸œåŒ—å…¥å£å¤„ã€‚åœ°æ–¹å°ï¼Œåº§ä½å°‘ã€‚å¤§å¹´åˆä¸€äººä¸å¤ªå¤šï¼Œå¹³æ—¶ä¸çŸ¥é“ã€‚";"2017-03-20";1
59;"åŒ—äº¬";"æ˜Ÿå·´å…‹ï¼ˆåŒ—äº¬å¤åŒ—å’–å•¡åº—ï¼‰";117.262;40.6446;"2.60 Mbps";"http://www.speedtest.net/my-result/i/1954465963";"";False;"xhacker";"åœ¨å¤åŒ—æ°´é•‡æ—…å®¢æœåŠ¡ä¸­å¿ƒå†…ï¼Œæ¯”è¾ƒä¹±ï¼Œäººå¤šã€‚";"2017-03-20";1
60;"åŒ—äº¬";"æ˜Ÿå·´å…‹ï¼ˆåŒ—äº¬å»ºå¤–ç°ä»£åŸåº—ï¼‰";116.454;39.9039;"2.29 Mbps";"http://www.speedtest.net/my-result/i/1965150161";"";False;"xhacker";"åœ°æ–¹éå¸¸å¤§ï¼Œæœ‰ä¸‰å±‚ï¼Œä½†äººä¹Ÿéå¸¸å¤šã€‚";"2017-03-20";1
61;"åŒ—äº¬";"Cafe Flatwhiteï¼ˆåèŒ‚åº—ï¼‰";116.474;39.9074;"4.91 Mbps";"http://www.speedtest.net/my-result/i/1972987326";"";False;"crispgm";"ç¯å¢ƒæå¥½ï¼Œæ’åº§å……è¶³ã€‚";"2017-03-20";1
62;"åŒ—äº¬";"æ˜Ÿå·´å…‹ï¼ˆåŒ—äº¬ä»€åˆ¹æµ·å¤©è·åŠåº—ï¼‰";116.386;39.9326;"1.13 Mbps";"http://www.speedtest.net/my-result/i/1998158513";"";False;"xhacker";"åœ¨è·èŠ±å¸‚åœºé‡Œï¼Œåœ°æ–¹å¾ˆå°ã€‚";"2017-03-20";1
63;"åŒ—äº¬";"Illyï¼ˆä¾¨ç¦èŠ³è‰åœ°ï¼‰";116.442;39.9182;"1.23 Mbps";"http://www.speedtest.net/my-result/i/2007239493";"";False;"xhacker";"åœ¨èŠ³è‰åœ°äºŒå±‚ï¼Œåœ°æ–¹å¤§ã€é‡‡å…‰å¥½ã€å¾ˆå¼€é˜”ã€‚";"2017-03-20";1
64;"åŒ—äº¬";"å¤ªå¹³æ´‹å’–å•¡ï¼ˆé“¶åº§å’Œè°åº—ï¼‰";116.29;39.8808;"2.27 Mbps";"http://www.speedtest.net/my-result/i/2011340641";"";False;"xhacker";"åœ¨é“¶åº§å’Œè°å¹¿åœºè¥¿å—è§’ã€‚åœ°æ–¹å¤§ã€äººä¸å¤šã€‚";"2017-03-20";1
65;"åŒ—äº¬";"æ˜Ÿå·´å…‹ï¼ˆåŒ—äº¬ä¸½æ³½æ¡¥æ’æ³°å’–å•¡åº—ï¼‰";116.3;39.8653;"8.27 Mbps";"http://www.speedtest.net/my-result/i/2012460104";"";False;"xhacker";"äººæŒºå¤šçš„ï¼ŒåŸºæœ¬æ²¡åœ°æ–¹ã€‚é è¾¹æœ‰å°‘é‡ç”µæºã€‚";"2017-03-20";1
66;"å¹¿å·";"ç­å…‹å’–å•¡";113.320205;23.131245;"8.51 Mbps";"http://www.speedtest.net/my-result/5243998080";"30-50 å…ƒ";False;"mshhmzh";"è‡ªå®¶çƒ˜ç„™å’–å•¡åº—ï¼Œä¸»æ‰“ç²¾å“å’–å•¡ã€‚ç½‘ç»œä¸€èˆ¬ï¼Œå¹³æ—¶äººæ¯”è¾ƒå°‘";"2017-03-20";1
67;"å¹¿å·";"7-INNéƒæºå’–å•¡";113.319998;23.13122;"39.73 Mbps";"http://www.speedtest.net/my-result/5563529474";"40-50 å…ƒ";False;"mshhmzh";"è‡ªå®¶çƒ˜ç„™å’–å•¡åº—ï¼Œä¸»æ‰“ç²¾å“å’–å•¡ã€‚ç”µä¿¡å…‰çº¤ï¼Œç½‘é€Ÿå¾ˆå¿«ã€‚å¾ˆé€‚åˆå°å›¢é˜Ÿå¤–å‡ºåŠå…¬";"2017-03-20";1
68;"æ­å·";"è´å¡”æœ‹å‹@å½“å ‚å’–å•¡é¦†";120.112044811249;30.2866977891212;"2.00 Mbps";"http://www.speedtest.net/my-result/5220542783";"27-45 å…ƒ";False;"Du";"åº—æ¯”è¾ƒç©ºï¼Œå”¯ä¸€åƒäº’è”ç½‘å’–å•¡å…çš„åœ°æ–¹æ˜¯æ¥¼ä¸Šæœ‰ä¸€äº›ä¼šè®®å®¤çŠ¶çš„æˆ¿é—´ã€‚ç½‘é€Ÿæ²¡æœ‰æƒ³è±¡ä¸­çš„å¿«ï¼Œä¸”å¹¶æ²¡æœ‰è‡ªå¸¦æ¢¯å­ã€‚å¦å¤–æ²¡æœ‰æ’åº§å¾ˆæ€¨å¿µ";"2017-03-20";1
131;"æ·±åœ³";"è’™å’–å•¡å°é¦† Mon Cafe";113.979;22.5428;"7.11 Mbps";"http://www.speedtest.net/my-result/i/1799531243";"38-50 å…ƒ";False;"crispgm";"æ ¼è°ƒå¾ˆå¥½ï¼Œæ¯”è¾ƒå®‰é™ï¼Œæ°›å›´æ›´é€‚åˆçœ‹ä¹¦ã€‚ä»·æ ¼ç¨è´µã€‚";"2017-03-20";1
69;"æ­å·";"èŠ¸å°ä¹¦èˆ";120.20397;30.241572;"1.48 Mbps";"http://www.speedtest.net/my-result/5257166271";"38 å…ƒ";False;"Du";"åº§ä½æœ‰æ’åº§ï¼ŒWiFié€Ÿåº¦è¿˜è¡Œï¼Œä¹¦åº—æ‰€åœ¨çš„å¨ƒå“ˆå“ˆæœªæ¥åŸæœ‰ç‚¹å†·æ¸…ï¼Œæ‰€ä»¥æ¯”èµ·é—¹å¸‚åŒºæ¥è¿™ä¸ªåº—å¾ˆå®‰é™ï¼Œä¹Ÿä¸ç”¨æ€•æ¥å¾—æ™šæ²¡æœ‰åº§ä½ã€‚";"2017-03-20";1
70;"æ­å·";"è–„è·å’–å•¡";120.117011;30.282694;"34.53 Mbps";"http://www.speedtest.net/my-result/5259475408";"30 - 50 å…ƒ";False;"61";"åº—éšè”½åœ¨æ ‘æ—é‡Œï¼Œæ¯”è¾ƒéš¾æ‰¾ï¼Œäººæ¯”è¾ƒå°‘ç¯å¢ƒä¸é”™";"2017-03-20";1
71;"æ­å·";"Zoo Coffee";120.096551;30.274977;"14.37 Mbps";"http://www.speedtest.net/my-result/5260003831";"30 - 50 å…ƒ";False;"61";"è˜‘è‡è¡—æ¥¼ä¸‹ï¼Œä½ç½®å¤š";"2017-03-20";1
72;"æ­å·";"äº‘é—¨ä¹¦å±‹";120.079322;30.312511;"9.78 Mbps";"http://www.speedtest.net/my-result/5267002745";"30 - 50 å…ƒ";False;"61";"æµ™å¤§ç´«é‡‘æ¸¯æ ¡åŒºè¾¹ä¸Šï¼Œäººæ¯”è¾ƒå°‘";"2017-03-20";1
73;"æ­å·";"é’å³°";120.211514;30.21258;"4.47 Mbps";"http://www.speedtest.net/my-result/5272283494";"30å…ƒ";False;"Du";"é å¢™åº§ä½æœ‰æ’åº§ï¼Œæœ‰WiFiï¼ŒæœåŠ¡æ€åº¦ä¸é”™ï¼Œä»·æ ¼åˆé€‚ï¼Œç¯å¢ƒå®‰é™ï¼Œä¾›åº”é¤é£Ÿå¯ä»¥é¡ºä¾¿è§£å†³åˆé¥­";"2017-03-20";1
74;"æ­å·";"Teresa's";120.118611;30.272825;"7.0 Mbps";"http://www.speedtest.net/my-result/5276933310";"35 - 50 å…ƒ";False;"61";"æµ™å¤§ç‰æ³‰æ ¡åŒºåŒ—é—¨é™„è¿‘ï¼Œäººæ¯”è¾ƒå°‘ï¼Œæ²™å‘èˆ’æœ";"2017-03-20";1
75;"æ­å·";"é»‘æ¡ƒå’–å•¡";120.10504;30.270423;"34.63 Mbps";"http://www.speedtest.net/my-result/5349797629";"35 - 50 å…ƒ";False;"61";"è¥¿æºªè·¯ä¸Šï¼Œåº—å¾ˆå¤§ï¼Œè£…ä¿®å¾ˆä¸é”™ï¼Œæ¡Œå­å¾ˆå¤§æ²™å‘å¾ˆèˆ’æœ";"2017-03-20";1
76;"æ­å·";"æ˜Ÿå·´å…‹å’–å•¡ (è¥¿æºªå¤©å ‚åº—)";120.086;30.267;"0.76 Mbps";"http://www.speedtest.net/my-result/5534420505";"â‰¥ 36 Â¥";False;"";"";"2017-03-20";1
77;"å—äº¬";"Costa Coffeeï¼ˆå—äº¬å—ç«™åº—ï¼‰";118.782;31.973;"0.75 Mbps";"http://www.speedtest.net/my-result/4643048535";"25-30 å…ƒ";False;"xhacker";"å‡ºåŒ—å‡ºç«™å£å°±åˆ°ã€‚";"2017-03-20";1
78;"å—äº¬";"Starbucksï¼ˆå—äº¬è‹å®å•†è´¸åº—ï¼‰";118.78;32.042;"5.0 Mbps";"http://www.speedtest.net/my-result/4643486860";"30-40 å…ƒ";False;"xhacker";"äººæŒºå°‘çš„ï¼Œç½‘é€Ÿè¿˜ä¸é”™ã€‚";"2017-03-20";1
79;"å—äº¬";"The Cub";118.772;32.052;"13 Mbps";"http://www.speedtest.net/my-result/5220780633";"20-40 å…ƒ";False;"61";"å¾ˆç®€æ´çš„å’–å•¡é¦†ï¼Œç½‘é€Ÿå¾ˆå¿«ã€‚";"2017-03-20";1
80;"ä¸Šæµ·";"çŒ«çš„å¤©ç©ºä¹‹åŸï¼ˆæ–°å¤©åœ°åº—ï¼‰";121.470755338669;31.2195729716892;"2.2 Mbps";"http://www.speedtest.net/my-result/4638301580";"25-30 å…ƒ";False;"xhacker";"å…±äº«æ–°å¤©åœ°çš„å…è´¹ Wi-Fiï¼Œææ…¢ã€‚ç½‘é€Ÿç”¨ XTDStyle_free æµ‹é‡ã€‚ä¸è¢œå¥¶èŒ¶è¿˜ä¸é”™ã€‚";"2017-03-20";1
81;"ä¸Šæµ·";"æ˜Ÿå·´å…‹ï¼ˆ800ç§€åº—ï¼‰";121.43936;31.2357;"2.95 Mbps";"http://www.speedtest.net/my-result/4643633193";"33å…ƒ";False;"aquarhead";"å…¶å®å°±åœ¨æˆ‘å¸æ¥¼ä¸‹. é€Ÿåº¦è¿˜å¯ä»¥(è™½ç„¶è¿œè¿œæ¯”ä¸ä¸Šæˆ‘å¸å°±æ˜¯äº†www)";"2017-03-20";1
82;"ä¸Šæµ·";"delimuses";121.43645;31.23558;"3.75 Mbps";"http://www.speedtest.net/my-result/4652272975";"50-70å…ƒ";False;"aquarhead";"ä¹Ÿåœ¨æˆ‘å¸é™„è¿‘. ä¸€èˆ¬äººä¸ä¼šå¤ªå¤šæ‰€ä»¥ç½‘é€Ÿè›®ä¸é”™çš„. æœ‰åƒæœ‰å–åªæ˜¯ä»·æ ¼ç•¥è´µä¸Šèœä¹Ÿæ¯”è¾ƒæ…¢";"2017-03-20";1
83;"ä¸Šæµ·";"Starbucks (CITIC Square)";121.45072;31.22968;"1.00 Mbps";"http://www.speedtest.net/my-result/4657045711";"";False;"aquarhead";"åœ°æ–¹è›®å¤§çš„. æœ‰ä¸€å¼ é•¿æ–¹æ¡Œæ‰€ä»¥æ„Ÿè§‰æŒºä¸é”™çš„";"2017-03-20";1
84;"ä¸Šæµ·";"Wine Connection";121.43556;31.22401;"3.61 Mbps";"http://www.speedtest.net/my-result/4659526554";"30 å…ƒ";False;"aquarhead";"ä»·ä½åˆç†. æœ‰æ—©åˆé¤æ­£é¤é…’æ°´é½å…¨. å°±åœ¨è·¯è¾¹ä¸Šä½†å¹¶ä¸å¤ªåµ";"2017-03-20";1
85;"ä¸Šæµ·";"Meo's Coffee";121.5057491;31.2352515;"16.00 Mbps";"http://www.speedtest.net/my-result/4659481377";"31 å…ƒ";False;"ryaneof";"åœ°ç†ä½ç½®å¾ˆå¥½ï¼Œé¡¾å®¢å¾ˆå°‘ï¼Œæ¯”è¾ƒå®‰é™ï¼Œç½‘é€Ÿä¹Ÿä¸é”™ã€‚";"2017-03-20";1
86;"ä¸Šæµ·";"Starbucks (Baoshan Road)";121.4755588;31.2529614;"22.00 Mbps";"http://www.speedtest.net/my-result/4673146632";"30 å…ƒ";False;"ryaneof";"å®å±±è·¯åœ°é“ç«™ 1 å·å£é™„è¿‘ï¼Œå¹³æ—¶é¡¾å®¢ä¸å¤šï¼Œæ˜Ÿå·´å…‹é—¨åº—ä¸­ç½‘é€Ÿä¸é”™çš„ä¸€å®¶åº—ã€‚";"2017-03-20";1
87;"ä¸Šæµ·";"Musk Cat Coffee";121.497739;31.235245;"78.00 Mbps";"http://www.speedtest.net/my-result/4678162578";"38 å…ƒ";False;"ryaneof";"ä½äºé™†å®¶å˜´è¥¿è·¯æ»¨æ±Ÿå¤§é“ï¼Œç½‘é€Ÿå¾ˆèµï¼Œç¯å¢ƒä¹Ÿå¾ˆèµï¼Œå‘¨æœ«äººä¸å¤šï¼Œååœ¨æ±Ÿè¾¹å¹é£æ„Ÿè§‰å¾ˆå¥½ã€‚";"2017-03-20";1
88;"ä¸Šæµ·";"SeeSaw Coffee";121.4473343;31.2226857;"11.00 Mbps";"http://www.speedtest.net/my-result/4684014931";"32 å…ƒ";False;"ryaneof";"ä½äºèŠ®æ¬§ç™¾è´§äº”å±‚ï¼Œåº—é¢ä¸å¤§ï¼Œé¡¾å®¢ä¸å¤šï¼Œç½‘é€Ÿä¸é”™ã€‚";"2017-03-20";1
89;"ä¸Šæµ·";"Hunting the days (H Coffee)";121.447001;31.226006;"58.00 Mbps";"http://www.speedtest.net/my-result/4686820709";"28 å…ƒ";False;"ryaneof";"ä½äºæ™¶å“å…­å±‚ï¼Œç¯å¢ƒæœ‰äº›å˜ˆæ‚ï¼Œå’–å•¡éå¸¸éš¾å–ï¼Œä½†ç½‘é€Ÿä¸é”™ã€‚";"2017-03-20";1
90;"ä¸Šæµ·";"Starbucks (Reel F3)";121.44766;31.223556;"18.00 Mbps";"http://www.speedtest.net/my-result/4692220583";"31 å…ƒ";False;"ryaneof";"ä½äºèŠ®æ¬§ä¸‰å±‚ï¼Œç½‘é€Ÿä¸é”™ï¼Œä½†æ¯•ç«Ÿæ˜¯æ˜Ÿå·´å…‹ï¼Œæ¯”è¾ƒå˜ˆæ‚ï¼Œç½‘ç»œåœ¨äººå¤šæ—¶çŠ¶å†µä¸å¥½ã€‚";"2017-03-20";1
91;"ä¸Šæµ·";"Starbucksï¼ˆç¢§æ³¢è·¯åº—ï¼‰";121.580833333333;31.2066666666667;"5.08 Mbps";"";"35 å…ƒ";False;"songzhou21";"ç½‘è¾ƒå·®ï¼Œç»å¸¸æ–­ï¼Œäººå°‘ï¼ˆå‘¨æœ«ï¼‰ï¼Œä½†è¿˜æ˜¯è¾ƒå˜ˆæ‚ã€‚";"2017-03-20";1
92;"ä¸Šæµ·";"æ¹¾é‡Œä¹¦é¦™ | Harbook+";121.450364;31.224659;"30.00 Mbps";"http://www.speedtest.net/my-result/4873748282";"38 å…ƒ";False;"ryaneof";"ä½äºèŠ®æ¬§ä¸‰å±‚ï¼Œç½‘é€Ÿä¸€èˆ¬ï¼Œä¸å¤ªç¨³å®šï¼Œå’–å•¡ä¸€èˆ¬ï¼Œæœ‰è®¸å¤šæ¡Œå­å’Œä¹¦ï¼Œä½†æ˜¯è§†è§‰å¾ˆå¥½ï¼Œå°¤å…¶é çª—åº§ä½ã€‚";"2017-03-20";1
93;"ä¸Šæµ·";"Starbucksï¼ˆè¿‘é“åŸå¸‚å¹¿åœºåº—ï¼‰";121.377178;31.235087;"22.00 Mbps";"http://www.speedtest.net/my-result/4861082276";"30 å…ƒ";False;"ryaneof";"æ¯”è¾ƒæ–°çš„åº—ï¼Œå³ä½¿äººå¾ˆå¤šçš„æƒ…å†µä¸‹ï¼Œç½‘ç»œè´¨é‡ä¹Ÿä¸é”™ã€‚";"2017-03-20";1
94;"ä¸Šæµ·";"Gloria Jean's Coffeesï¼ˆæœˆæ˜Ÿç¯çƒæ¸¯åº—ï¼‰";121.407594680786;31.2343621785428;"10.00 Mbps";"http://www.speedtest.net/my-result/4891495073";"31 å…ƒ";False;"ryaneof";"åº—é¢ä¸å¤§ï¼Œå’–å•¡å¾ˆå¥½ï¼Œå³ä½¿äººå¾ˆå¤šçš„æƒ…å†µä¸‹ï¼Œç½‘ç»œè´¨é‡ä¹Ÿä¸é”™ã€‚";"2017-03-20";1
95;"ä¸Šæµ·";"Costa Coffeeï¼ˆæˆ‘æ ¼å¹¿åœºåº—ï¼‰";121.4192355;31.239444;"6.00 Mbps";"http://www.speedtest.net/my-result/5087420287";"27 å…ƒ";False;"xavierchow";"ç½‘ç»œè´¨é‡ä¸€èˆ¬ï¼Œå¹³æ—¥äººæ¯”è¾ƒå°‘ï¼Œå‘¨æœ«äººå¤ªå¤šå¤ªé—¹ä¸å»ºè®®å»ã€‚";"2017-03-20";1
96;"ä¸Šæµ·";"å’–å’–å¥¥å’–å•¡å…ï¼ˆKacao ç”°æ—åº—ï¼‰";121.407905817032;31.1716756676629;"10.53 Mbps";"http://www.speedtest.net/my-result/5087420287";"32 å…ƒ";False;"xavierchow";"ç¯å¢ƒç›¸å½“ä¸é”™ï¼Œç©ºé—´ä¹Ÿå¾ˆå¤§ï¼Œå”¯ä¸€ä¸å¥½çš„2æ¥¼ä¸æ˜¯ç¦çƒŸçš„ã€‚";"2017-03-20";1
97;"ä¸Šæµ·";"Caffebeneï¼ˆæ‚¦è¾¾889åº—ï¼‰";121.423516273499;31.231233885488;"56.33 Mbps";"http://www.speedtest.net/my-result/5104202266";"28 å…ƒ";False;"xavierchow";"ç½‘é€Ÿéå¸¸å¿«ï¼Œå’–å•¡å’Œç‚¹å¿ƒä¸å¥½åƒï¼Œå®¤å†…ä½ç½®è¾ƒå°‘.å®¤å¤–ç©ºé—´æŒºå¤§ï¼Œå°±æ˜¯å†¬å¤©å¦‚æœæ²¡å¤ªé˜³æœ‰ç‚¹å†·ã€‚";"2017-03-20";1
98;"ä¸Šæµ·";"HOLLYS COFFEEï¼ˆä»²ç››ä¸–ç•Œå•†åŸï¼‰";121.38255;31.1084;"1.54 Mbps";"http://www.speedtest.net/my-result/5115524542";"30 å…ƒ";False;"";"";"2017-03-20";1
99;"ä¸Šæµ·";"å’–å’–å¥¥å’–å•¡å…ï¼ˆKacao åœ£è¯ºäºšåº—ï¼‰";121.371751;31.233513;"7.95 Mbps";"http://www.speedtest.net/my-result/5121292721";"32 å…ƒ";False;"xavierchow";"Kacaoçš„ç¯å¢ƒä¸€å¦‚æ—¢å¾€çš„å¥½ï¼Œåº—åœ¨æ±¤è¿å¾—æ¸©æ³‰é¦†è¾¹ä¸Šï¼Œä¸çŸ¥é“æ˜¯ä¸æ˜¯æ–°å¼€çš„åŸå› æœ‰ç‚¹è£…ä¿®çš„æ²¹æ¼†å‘³:(";"2017-03-20";1
100;"ä¸Šæµ·";"Staytion Coffee & Bake";121.479386687279;31.2497452678272;"24.00 Mbps";"http://www.speedtest.net/my-result/4986683376";"31 å…ƒ";False;"ryaneof";"ä½äºä¸­ä¿¡å¹¿åœºï¼Œç¯å¢ƒå¾ˆå¥½ï¼Œç½‘ç»œä¸é”™ï¼Œå’–å•¡ä¸€èˆ¬ã€‚";"2017-03-20";1
101;"ä¸Šæµ·";"Pacific Coffee (Global Harbor)";121.407508850098;31.2340135762335;"7.00 Mbps";"http://www.speedtest.net/my-result/5041676642";"30 å…ƒ";False;"ryaneof";"ä½äºç¯çƒæ¸¯å››å±‚ï¼Œå¤ªå¹³æ´‹å’–å•¡å¤§å®¶éƒ½æ‡‚çš„ï¼Œä»¥éš¾å–å‡ºåã€‚æ­£å› ä¸ºè¿™æ ·åœ¨å‘¨å…­é«˜å³°æ—¶é—´åªæœ‰å®ƒå®¶æœ‰åº§ä½ã€‚ã€‚";"2017-03-20";1
102;"ä¸Šæµ·";"CAFÃ‰ & BAR PRONTO";121.464275121689;31.2086538963298;"18.00 Mbps";"http://www.speedtest.net/my-result/5138579056";"32 å…ƒ";False;"ryaneof";"ä½äºæ—¥æœˆå…‰ä¸€å±‚ï¼Œç¯å¢ƒä¸é”™ï¼Œåº—é“ºé¢ç§¯ä¸å°ï¼Œé¡¾å®¢æ•°é‡å¤šï¼Œä¼šæ¯”è¾ƒåµï¼Œç½‘ç»œæ¯”è¾ƒç¨³å®šï¼Œå’–å•¡æ¯å­å¾ˆå¤§ï¼Œå–œæ¬¢å¤§æ¯æ‹¿é“å¯ä»¥è€ƒè™‘å†åŠ ä¸€ä»½æµ“ç¼©ã€‚";"2017-03-20";1
103;"ä¸Šæµ·";"Starbucks (Imago)";121.418731;31.239784;"15.86 Mbps";"http://www.speedtest.net/my-result/5206305714";"30 å…ƒ";False;"xavierchow";"Starbucksçš„å’–å•¡å°±ä¸è¯„è®ºäº†.åº—å†…ä½ç½®å¾ˆå°‘. æœ‰éƒ¨åˆ†åº§ä½åœ¨å•†åœºå¤§å…ç¯å¢ƒè¾ƒå˜ˆæ‚";"2017-03-20";1
104;"ä¸Šæµ·";"Starbucks (ç¾ç½—åŸ)";121.434838;31.196132;"76.11 Mbps";"http://www.speedtest.net/my-result/5244519566";"27 å…ƒ";False;"xavierchow";"è‡³ä»Šä¸ºæ­¢æˆ‘ç¢°åˆ°çš„æœ€å¥½ç½‘é€Ÿçš„æ˜Ÿå·´å…‹ï¼Œç¼ºç‚¹å°±æ˜¯ç¯å¢ƒæ¯”è¾ƒé—¹ï¼Œæ¯•ç«Ÿæ˜¯é»„é‡‘åœ°æ®µã€‚";"2017-03-20";1
105;"ä¸Šæµ·";"Starbucks (ä¸­å±±ä¸‡åšå›½é™…ä¸­å¿ƒ)";121.418313;31.19911;"4.15 Mbps";"http://www.speedtest.net/my-result/5252949393";"27 å…ƒ";False;"xavierchow";"ç½‘é€Ÿå¾ˆä¸€èˆ¬ï¼Œéå¸¸å¥‡æ€ªå¤§å”å¤§å¦ˆå¥½å¤š-_-bb";"2017-03-20";1
106;"ä¸Šæµ·";"Costa Coffee (Global Harbor)";121.407852172852;31.2347474743354;"12.00 Mbps";"http://www.speedtest.net/my-result/i/1572918665";"34 å…ƒ";False;"ryaneof";"ä½äºç¯çƒæ¸¯ B1 å±‚ï¼Œç¯å¢ƒè¿˜å¥½ï¼Œå®¢æµé‡ä¸å¤§ã€‚ä»–å®¶å’–å•¡ä¸€ç›´ä¸é”™ã€‚è¿™å®¶åº—ç½‘ç»œè´¨é‡æœ€è¿‘å˜å¥½äº†ä¸€ç‚¹ï¼Œå¹¶ä¸”æ‰å‘ç°è¿˜æœ‰é è¿‘å•†åœºåœè½¦åœºçš„éœ²å¤©åº§ä½ã€‚";"2017-03-20";1
107;"ä¸Šæµ·";"SeeSaw Coffee (æ·®æµ· 755)";121.459704637527;31.220784085547;"19.00 Mbps";"http://www.speedtest.net/my-result/i/1593392666";"32 å…ƒ";False;"ryaneof";"ä½äºæ·®æµ·ä¸­è·¯ï¼Œåº—é¢ä¸å¤§ï¼Œå‘¨æœ«äººå¤šï¼Œå’–å•¡ä¸€å¦‚å…¶ä»–è¿é”åº—ä¸€æ ·å¥½å–ã€‚";"2017-03-20";1
108;"ä¸Šæµ·";"Costa Coffeeï¼ˆä¹å…­å¹¿åœºåº—ï¼‰";121.520268917084;31.2293715386815;"2.00 Mbps";"www.speedtest.net/my-result/i/1617859652";"31 å…ƒ";False;"ryaneof";"ä½äºä¹å…­å¹¿åœºä¸€å±‚ï¼Œåº§ä½æ¯”è¾ƒå¤šï¼Œå‘¨æœ«ç¯å¢ƒå˜ˆæ‚ï¼Œç½‘é€Ÿå¾ˆæ…¢ã€‚";"2017-03-20";1
109;"ä¸Šæµ·";"Starbucks (æ¼•æ²³æ³¾åº—)";121.396629;31.173246;"1.01 Mbps";"http://www.speedtest.net/my-result/5276464409";"27 å…ƒ";False;"xavierchow";"ä½äºæ¼•æ²³æ³¾åˆ›æ–°å¤§å¦åº•æ¥¼.æ¥¼ä¸Šæ˜¯æ˜Ÿå·´å…‹æ€»éƒ¨.ç®—æ˜¯æ˜Ÿå·´å…‹å¤§æœ¬è¥äº†ç½‘é€Ÿå±…ç„¶è¿™ä¹ˆæ…¢...";"2017-03-20";1
110;"ä¸Šæµ·";"MANGOSIX (é™å®‰å¯ºåº—)";121.441052;31.226492;"20.16 Mbps";"www.speedtest.net/my-result/i/1639012202";"31 å…ƒ";False;"z4rd";"æ™¶å“æ—ï¼Œä¹…å…‰å¯¹é¢ï¼Œæ„šå›­è·¯ä¸Šï¼Œæ‰‹æœºå¾®ä¿¡ç›´æ¥è¿ï¼Œç”µè„‘è¦æ‰‹æœºéªŒè¯ï¼Œä¸€èˆ¬èˆ¬";"2017-03-20";1
111;"ä¸Šæµ·";"AUNN CAFE &CO";121.44046;31.224243;"5.76 Mbps";"http://www.speedtest.net/my-result/5305144009";"35 å…ƒ";False;"z4rd";"ä½äºé»„é‡‘åœ°æ®µ ä¸å–œæ¬¢å’–å•¡é¦†çš„å¸ƒå±€ ä¸è¿‡å¬è¯´æ‰‹å†²å’–å•¡ä¸é”™ æ¥¼ä¸Šç²¾å“åº—å€¼å¾—ä¸€é€›";"2017-03-20";1
112;"ä¸Šæµ·";"Starbucks (è™¹æ¡¥ç«è½¦ç«™å‡ºå‘åŒºåº—)";121.316548;31.195516;"2.91 Mbps";"http://www.speedtest.net/my-result/5482642377";"31 å…ƒ";False;"xavierchow";"ä½äºå‡ºå‘åŒºåŒ—ä¾§2æ¥¼.ä½ç½®è¿˜æ˜¯å¾ˆå¤šçš„.å°±æ˜¯ç¯å¢ƒä¸€èˆ¬æ¯”è¾ƒå˜ˆæ‚";"2017-03-20";1
113;"ä¸Šæµ·";"Starbucks (é™å®‰é—¨å¤§å¦åº—)";121.434352;31.239224;"2.91 Mbps";"http://www.speedtest.net/my-result/5514651758";"31 å…ƒ";False;"xavierchow";"ç½‘é€Ÿä¸€èˆ¬ï¼Œä¸Šä¸‹æœ‰2å±‚æ¥¼ä½ç½®è¾ƒå¤š";"2017-03-20";1
114;"ä¸Šæµ·";"æå°å§ã®çŒ«å’–å•¡é¦†";121.447;31.2347;"21.50 Mbps";"http://www.speedtest.net/my-result/i/1827538221";"38 å…ƒ";False;"LilianYe";"çŒ«å’–å•¡é¦†ï¼Œä¸Šä¸‹ä¸¤å±‚ï¼Œæœ‰åå¤šåªå¯çˆ±çš„çŒ«å’ªï¼Œå¤§æ¦‚æ— æ³•å¥½å¥½å¹²æ´»ã€‚";"2017-03-20";1
115;"ä¸Šæµ·";"Trident Coffee";121.486;31.2375;"22.44 Mbps";"http://www.speedtest.net/my-result/i/1836700422";"35 å…ƒ";False;"LilianYe";"å¤–æ»©è¾¹ä¸Šä¸€ä¸ªå¾ˆå°çš„ä¸€ä¸ªå’–å•¡é¦†ï¼Œåªé€‚åˆèŠèŠå¤©ä»€ä¹ˆçš„ã€‚";"2017-03-20";1
116;"ä¸Šæµ·";"Starbucks (æ–°æ·®æµ·åŠåº—)";121.418;31.1984;"1.53 Mbps";"http://www.speedtest.net/my-result/i/1839446250";"31 å…ƒ";True;"LilianYe";"ç¦»è™¹æ¡¥è·¯åœ°é“ç«™æœ€è¿‘çš„ä¸€ä¸ªæ˜Ÿå·´å…‹ï¼Œåªæœ‰ä¸€æ¥¼ï¼Œåˆåæ¥ä¹°å’–å•¡ä¼šæ’é˜Ÿè¾ƒä¹…ã€‚";"2017-03-20";1
117;"ä¸Šæµ·";"Starbucks (è¶Šç•Œåº—)";121.407;31.1713;"1.03 Mbps";"http://www.speedtest.net/my-result/i/1853980266";"31 å…ƒ";True;"LilianYe";"ç½‘é€Ÿä¾æ—§æ…¢çš„æ„Ÿäººï¼Œå‘¨æœ«ä¸‹åˆè¿˜è›®å¤šäººçš„ã€‚";"2017-03-20";1
118;"ä¸Šæµ·";"MANGOSIX (ç”°æ—è·¯åº—)";121.412;31.1741;"2.40 Mbps";"http://www.speedtest.net/my-result/i/1863749217";"31 å…ƒ";False;"LilianYe";"æ‰‹æœºä¸ŠWIFIè¦é€šè¿‡å¾®ä¿¡è¿æ¥ï¼Œç”µè„‘è¦æ‰‹æœºéªŒè¯ï¼Œç½‘é€Ÿè¾ƒæ…¢ï¼Œç©ºé—´æ¯”è¾ƒå®½æ•ï¼Œæ²™å‘ä½ç½®æœ‰ç”µæºæ’åº§";"2017-03-20";1
119;"ä¸Šæµ·";"é›•åˆ»æ—¶å…‰å’–å•¡é¦† (çº¢åŠåº—)";121.421;31.2009;"10.37 Mbps";"http://www.speedtest.net/my-result/i/1916507389";"30 å…ƒ";False;"LilianYe";"ç©ºé—´å¾ˆå®½æ•ï¼Œæœ‰éŸ³ä¹ï¼Œä½†ä¸åµã€‚é å¢™ä½ç½®æœ‰ç”µæºæ’åº§ï¼Œé£Ÿç‰©ä¸€èˆ¬ã€‚";"2017-03-20";1
120;"ä¸Šæµ·";"èµå’–å•¡ Nice Cafe & Books";121.42;31.1996;"25.29 Mbps";"http://www.speedtest.net/my-result/i/1917732687";"30 å…ƒ";True;"LilianYe";"ç©ºé—´å®½æ•ï¼Œæœ‰ä¸¤å±‚ï¼ŒéŸ³ä¹èˆ’ç¼“ã€‚åœ°ä¸Šæœ‰æŒºå¤šæ’æ’çš„ï¼Œå°±æ˜¯ç©ºè°ƒä¸çƒ­ã€‚";"2017-03-20";1
121;"ä¸Šæµ·";"Starbucks (å®ä¹æ±‡åº—)";121.481;31.4015;"3.87 Mbps";"http://www.speedtest.net/my-result/i/1915277364";"36 å…ƒ";False;"crispgm";"æµ‹é€Ÿå¾ˆä¸€èˆ¬ï¼Œä½†å®é™…è®¿é—®é€Ÿåº¦è¿˜ä¸é”™ã€‚æ’åº§æœ‰ä½†éå¸¸å°‘ã€‚";"2017-03-20";1
122;"ä¸Šæµ·";"æµå…‰æ¼«å½± gallery & coffee";121.44;31.2141;"0.90 Mbps";"http://www.speedtest.net/my-result/i/1925937915";"35 å…ƒ";True;"LilianYe";"é¢ç§¯å¾ˆå°ï¼Œå¾ˆå¤šè‰ºæœ¯ç›¸å…³çš„ä¹¦ç±ã€‚é å¢™æœ‰æ’åº§ã€‚å¯æƒœç½‘é€Ÿå¤ªæ…¢ã€‚";"2017-03-20";1
123;"ä¸Šæµ·";"è«å¥ˆå’–å•¡ Monet Cafe";121.446;31.215;"6.78 Mbps";"http://www.speedtest.net/my-result/i/1934316618";"48 å…ƒ";True;"LilianYe";"åªæœ‰å‡ ä¸ªä½ç½®ï¼Œè£…ä¿®å¾ˆæ¬§å¼ï¼Œæ›´åƒå®¶å…·åº—ï¼Œéš”å£æ˜¯ç†å‘åº—ã€‚ä»·ä½åé«˜ã€‚";"2017-03-20";1
124;"ä¸Šæµ·";"æ˜Ÿå·´å…‹ï¼ˆä¸­æƒ å¹¿åœºåº—ï¼‰";121.604749;31.254968;"3.24 Mbps";"http://www.speedtest.net/my-result/6029494988";"26 å…ƒ";False;"xavierchow";"ä½ç½®æ¯”è¾ƒåçš„å…³ç³»ï¼Œæ™šä¸ŠäººçœŸçš„å¾ˆå°‘ï¼Œæœ‰ç”µæº. 21ç‚¹æ‰“çƒŠã€‚";"2017-03-20";1
125;"ä¸Šæµ·";"PROTOSS";121.407;31.1712;"31.73 Mbps";"http://www.speedtest.net/my-result/i/1971600260";"23 å…ƒ";True;"LilianYe";"æ–°å¼€çš„å’–å•¡é¦†ï¼Œç©ºé—´éå¸¸å®½æ•ï¼Œè£…ä¿®æ¸…æ–°ï¼Œæ’åº§è¿˜æœ‰usbå£ã€‚";"2017-03-20";1
126;"æ·±åœ³";"More Cafe";113.967813;22.538492;"10.75 Mbps";"http://www.speedtest.net/my-result/5241643963";"30-40 å…ƒ";False;"RYOHOI";"ä¸–ç•Œä¹‹çª—ï¼Œæ·±å—å¤§é“è¾¹ä¸Šã€‚æ¬§æ´²å°é•‡å›­åŒºå†…ï¼Œå°æ¡¥æµæ°´ï¼Œä¾§è€³å€¾å¬è›™é¸£ã€‚æ¡Œå­ä¸å¤šï¼Œæ˜¯å®¶åˆ«è‡´çš„å°åº—ã€‚æœ‰å°‘é‡éœ²å¤©ä½å­ã€‚";"2017-03-20";1
127;"æ·±åœ³";"Starbucks æ˜Ÿå·´å…‹";114.105812;22.54467;"4.44 Mbps";"http://www.speedtest.net/my-result/5243762474";"30-40 å…ƒ";False;"RYOHOI";"åº—å†…å®½æ•ï¼Œä½å­å……è¶³ï¼Œæœ‰å¤§é•¿æœ¨æ¡Œã€‚å®¤å¤–å¯æŠ½çƒŸï¼Œå¤å¤©ååœ¨äººå·¥å–·æ³‰è¾¹ä¸Šæ—¶æ„Ÿå‡‰é£ã€‚ä¸Šå•æ‰€å¾ˆæ–¹ä¾¿ã€‚ç¡¬ä¼¤ï¼šWiFi å¤ªæ…¢ï¼›è§£å†³æ–¹æ³•ï¼šä¸ç”¨åº—å†… WiFiï¼Œè¿ eluohu éƒ½ä¼šæ›´å¿«ã€‚å¦ï¼šè¿™ä¸€ä»£æ˜Ÿå·´å…‹ç‰¹åˆ«å¤šï¼Œæ–¹åœ†ä¸€å…¬é‡Œå†…çº¦åä½™å®¶ã€‚";"2017-03-20";1
128;"æ·±åœ³";"Starbucks æ˜Ÿå·´å…‹";113.926561;22.541052;"2.12 Mbps";"http://www.speedtest.cn/ip/218.18.171.*/AG_OVn6wQW99QAHmvstXDfVjO1wi4lSU";"30-40 å…ƒ";False;"RYOHOI";"äººæµé‡å°‘ï¼Œå•æ‰€å¹²å‡€ï¼Œä½å­å……è¶³ã€‚é—¨å¤–æœ‰å°èŠ±å›­ï¼Œç»¿åŒ–ä¸é”™ã€‚åœ¨æ¬¢ä¹é¢‚å•†åœºæ¥¼ä¸‹ï¼Œç”¨é¤æ–¹ä¾¿ã€‚";"2017-03-20";1
129;"æ·±åœ³";"GOOCOFFEE Â· è°·å’–";113.923269;22.497709;"64.68 Mbps";"http://www.speedtest.cn/ip/183.37.178.*/h4Em462HVo3fN55FrxmV1Q";"20-30 å…ƒ";False;"RYOHOI";"æ˜¾è€Œæ˜“è§ç½‘é€Ÿå¾ˆå¿«ã€‚å› ä¸ºå‘¨è¾¹éƒ½æ˜¯å†™å­—æ¥¼ï¼Œä¸Šç­æ—¶é—´äººå¹¶ä¸å¤šã€‚ä½å­ä¸å¤šï¼Œä¸ƒå…«å¼ å°æ–¹æ¡Œã€‚ä¸€æ•´é¢ä¹¦æ¶é›¶é›¶æ•£æ•£åœ°æ”¾äº†äº›ä¹¦ã€‚ä½å­éƒ½é è½åœ°ç»ç’ƒå¢™ï¼Œé‡‡å…‰å¾ˆå¥½ã€‚Last Word: å’–å•¡å£å‘³ä¸€èˆ¬ã€‚";"2017-03-20";1
130;"æ·±åœ³";"é›•åˆ»æ—¶å…‰å’–å•¡é¦†(åä¾¨åŸåº—)";113.978214;22.54058;"6.03 Mbps";"http://www.speedtest.net/my-result/i/1798025047";"";False;"crispgm";"ä½äºç”Ÿæ€å¹¿åœºå…¥å£å¤„ï¼Œç¯å¢ƒä¸é”™ã€‚Wi-Fi å¯†ç åŒåŒ—äº¬ç›¸åŒã€‚";"2017-03-20";1
132;"æ·±åœ³";"City Green Cafe åŸå¸‚å’–å•¡";114.015;22.5384;"9.79 Mbps";"http://www.speedtest.net/my-result/i/1799809299";"28 å…ƒï¼ˆæ™®é€šæ¯ï¼‰";False;"crispgm";"å¼€æ”¾å¼ç¯å¢ƒï¼Œåº§ä½å¤§ä¸”èˆ’æœï¼Œæ‰€åœ¨çš„è´­ç‰©å¹¿åœºæ¯”è¾ƒé«˜çº§ã€‚";"2017-03-20";1
133;"æ·±åœ³";"Nordic Cafe";113.985;22.528;"9.14 Mbps";"http://www.speedtest.net/my-result/i/1801263880";"32 å…ƒï¼ˆå°æ¯ï¼‰";False;"crispgm";"åŒ—æ¬§æç®€é£ï¼Œé¤å…·ä¼¼ä¹éƒ½æ˜¯åŒ—æ¬§å“ç‰Œ iittala çš„ï¼Œåº—é‡Œé¢è¿˜æœ‰ iittala çš„å±•åŒºï¼Œä¸çŸ¥é“ä¸¤è€…çš„å…·ä½“å…³ç³»ã€‚æœ‰å°‘é‡ç”µæºã€‚";"2017-03-20";1
134;"æ·±åœ³";"Costa Coffeeï¼ˆæµ·ä¸Šä¸–ç•Œå¹¿åœºåº—ï¼‰";113.910865;22.485677;"2.88 Mbps";"http://www.speedtest.net/my-result/5775470173";"28 å…ƒ";False;"bcho";"ç¯å¢ƒä¸é”™ï¼Œä½†ç½‘ç»œå¤ªæ…¢äº†ã€‚å¤§éƒ¨åˆ†åº§ä½éƒ½æœ‰ç”µæºã€‚";"2017-03-20";1
135;"æ·±åœ³";"Starbucks æ˜Ÿå·´å…‹ï¼ˆåˆ›æ„æ–‡åŒ–å›­åº—ï¼‰";113.989;22.5393;"0.96 Mbps";"http://www.speedtest.net/my-result/i/1953095663";"";False;"crispgm";"æ˜¥èŠ‚æœŸé—´äººä¹Ÿçˆ†æ»¡ï¼Œä½†è‡ªèº«å®¹é‡å¾ˆå¤§ã€‚ç½‘é€Ÿè·‘åˆ†æ•°å€¼ä¸é«˜ï¼Œä½†è¿˜æ˜¯å¯ç”¨çš„çŠ¶æ€ã€‚";"2017-03-20";1
136;"æ·±åœ³";"Starbucks æ˜Ÿå·´å…‹ï¼ˆä¾¨åŸè·¯åº—ï¼‰";113.98;22.5387;"1.04 Mbps";"http://www.speedtest.net/my-result/i/1954508585";"";False;"crispgm";"ç½‘é€Ÿæ…¢ä½†å¯ç”¨ï¼Œç¯å¢ƒä¸é”™ï¼Œå³ä½¿è¿å®¤å¤–éƒ½æœ‰æ’åº§ã€‚";"2017-03-20";1
137;"æ·±åœ³";"æ¼«å’–å•¡ï¼ˆ1979åº—ï¼‰";114.026;22.5551;"5.28 Mbps";"http://www.speedtest.net/my-result/i/1957282075";"";False;"crispgm";"åœºåœ°å¾ˆå¤§ï¼Œä¸€äºŒæ¥¼ç¯å¢ƒæ˜æš—ï¼Œä¸‰æ¥¼æ¯”è¾ƒäº®ï¼›åŸºæœ¬æ¯ä¸ªåº§ä½éƒ½æœ‰æ’åº§ã€‚";"2017-03-20";1
138;"æ­¦æ±‰";"æ˜Ÿå·´å…‹ï¼ˆå…‰è°·å›½é™…å¹¿åœºåº—ï¼‰";114.392807;30.509323;"3.87 Mbps";"http://www.speedtest.net/my-result/5208990021";"27-45 å…ƒ";False;"lvwzhen";"ä½ç½®æœ‰ç‚¹å°ï¼Œç½‘é€Ÿä¸€èˆ¬";"2017-03-20";1
139;"æ­¦æ±‰";"wow cafe";114.402027;30.50457;"10.27 Mbps";"http://www.speedtest.net/my-result/52094459141";"12-45 å…ƒ";False;"lvwzhen";"æµ‹è¯•ç½‘é€Ÿå¾ˆå¿«ï¼Œå®é™…é€Ÿåº¦ä¸ç¨³å®š";"2017-03-20";1
140;"åŒ—äº¬";"æ˜Ÿå·´å…‹ï¼ˆæ°¸æ—ºåº—ï¼‰";116.284;40.0948;"7.25 Mbps";"http://www.speedtest.net/my-result/i/2017642617";"";False;"xhacker";"åœ°æ–¹ä¸ç®—å¤ªå¤§ï¼Œä½†ä¹Ÿæœ‰å°‘é‡ä½å­ã€‚é è¾¹æœ‰å°‘é‡ç”µæºã€‚";"2017-03-20";1
141;"åŒ—äº¬";"å¤å¡˜å’–å•¡";116.355;39.9656;"4.92 Mbps";"http://www.speedtest.net/my-result/i/2015155052";"";False;"beta";"äººå°‘ï¼Œæ¯”è¾ƒå®‰é™ï¼Œç”µæºå……è¶³ã€‚";"2017-03-20";1
142;"åŒ—äº¬";"æ˜Ÿå·´å…‹ï¼ˆæœ›äº¬åº—ï¼‰";116.482;40.001;"4.17 Mbps";"http://www.speedtest.net/my-result/a/2708941658";"";False;"beta";"äººå¾ˆå¤šï¼Œæ¯”è¾ƒåµé—¹ï¼Œç½‘é€Ÿä¸€èˆ¬ï¼Œæ²¡æ‰¾åˆ°ç”µæºã€‚";"2017-03-20";1
143;"åŒ—äº¬";"é­”å±±";116.35;39.962;"31.43 Mbps";"http://www.speedtest.net/my-result/a/2711924188";"";False;"beta";"åº—å¾ˆå°ï¼Œå¾ˆå®‰é™ï¼Œç½‘é€Ÿå¾ˆå¿«ï¼Œé å¢™çš„æ¡Œå­æœ‰æ’åº§ï¼Œæ‰‹å†²å’–å•¡å’Œå„ç§å•¤é…’éƒ½å¾ˆå¥½å–ï¼Œæœ‰ PS4 å’Œ Nintendo Switch å¯ä»¥ç©ã€‚";"2017-03-20";1
144;"åŒ—äº¬";"Costa Coffeeï¼ˆå¤§å…´ç»¿åœ°åº—ï¼‰";116.328;39.7631;"9.64 Mbps";"http://www.speedtest.net/my-result/i/2019177863";"";False;"xhacker";"ç¯å¢ƒå¥½ã€é è¾¹æœ‰å°‘é‡ç”µæºã€‚ç½‘é€Ÿæµ‹å‡ºæ¥ä¸é”™ï¼Œå®é™…å¥‡æ…¢ã€‚";"2017-03-20";1
145;"åŒ—äº¬";"Costa Coffeeï¼ˆäº¦åº„åŠ›å®åè”åº—ï¼‰";116.495;39.8033;"32.16 Mbps";"http://www.speedtest.net/my-result/i/2025917325";;False;"xhacker";"åœ°æ–¹å¾ˆå¤§ã€äººå¾ˆå°‘ï¼Œå‘¨äº”æ™šä¸Šå…«ç‚¹åŠåŠ ä¸Šæˆ‘åªæœ‰ä¸‰ä¸ªäººã€‚é è¾¹æœ‰å°‘é‡ç”µæºã€‚";"2017-03-29";1
146;"åŒ—äº¬";"æ˜Ÿå·´å…‹ï¼ˆä¸°ç§‘è·¯ä¸‡è¾¾å¹¿åœºåº—ï¼‰";116.291;39.8233;"3.77 Mbps";"http://www.speedtest.net/my-result/i/2027024693";;False;"xhacker";"åœ°æ–¹éå¸¸å¤§ï¼Œç”µæºä¹Ÿå¤šã€‚æ˜Ÿå·´å…‹è‡ªå·±çš„ç½‘è¿ä¸ä¸Šï¼Œæœ‰ä¸€ä¸ª SSID ä¸º @ffan çš„ç½‘å¯ä»¥ç”¨ï¼Œç½‘é€Ÿä¹Ÿæ˜¯ç”¨è¿™ä¸ªç½‘æµ‹çš„ã€‚";"2017-03-29";1
147;"ä¸Šæµ·";"COSTAï¼ˆä¸Šæµ·ç››é‚¦å›½é™…åº—ï¼‰";121.480138;31.25399;"1.22 Mbps";"http://beta.speedtest.net/result/6163466169";"34 å…ƒ";False;"sinchang";"åœ¨ç››é‚¦å›½é™…å¤§å¦ä¸€æ¥¼ï¼Œå››å·åŒ—è·¯åœ°é“æ—ï¼Œä¸‹åˆäººä¸å¤šã€‚";"2017-03-29";1
148;"æ­å·";"æ¼«å’–å•¡(åŒ—åŸå¤©åœ°å·¥å‚æ¦‚å¿µåº—)";120.123;30.321;"24.6 Mbps";"http://www.speedtest.net/my-result/d/4292792";"25 - 50 å…ƒ";False;"leeiio";"å·¥å‚é£æ ¼ï¼Œå’–å•¡è¿˜è¡Œï¼Œæ¯”è¾ƒå®‰é™å› ä¸ºè¿™è¾¹æœ¬æ¥å°±æ²¡æœ‰ä»€ä¹ˆäººï¼Œæ—è¾¹å°±æ˜¯è¶…å¸‚å’Œç”µå½±é™¢";"2017-03-31";1
